ave values, 0.233066
std values, 0.475662
min values, 0.007793
max values, 1.826572
median values, 0.052310
fake_image_00000.png,0.094790
fake_image_00001.png,0.839607
fake_image_00002.png,0.056653
fake_image_00003.png,0.047724
fake_image_00004.png,0.033268
fake_image_00005.png,0.068621
fake_image_00006.png,1.801805
fake_image_00007.png,0.287621
fake_image_00008.png,0.023050
fake_image_00009.png,1.791196
fake_image_00010.png,0.015192
fake_image_00011.png,1.812356
fake_image_00012.png,0.146545
fake_image_00013.png,0.029420
fake_image_00014.png,0.059540
fake_image_00015.png,0.102767
fake_image_00016.png,0.055643
fake_image_00017.png,0.024811
fake_image_00018.png,0.043256
fake_image_00019.png,0.092523
fake_image_00020.png,0.027295
fake_image_00021.png,1.796718
fake_image_00022.png,0.024367
fake_image_00023.png,0.032621
fake_image_00024.png,0.041046
fake_image_00025.png,0.012438
fake_image_00026.png,0.144143
fake_image_00027.png,0.028492
fake_image_00028.png,1.808407
fake_image_00029.png,0.210763
fake_image_00030.png,0.024159
fake_image_00031.png,0.076945
fake_image_00032.png,0.205648
fake_image_00033.png,1.798805
fake_image_00034.png,1.803818
fake_image_00035.png,0.179603
fake_image_00036.png,0.143850
fake_image_00037.png,0.057037
fake_image_00038.png,0.059106
fake_image_00039.png,0.047458
fake_image_00040.png,0.037113
fake_image_00041.png,0.021675
fake_image_00042.png,0.120197
fake_image_00043.png,0.030735
fake_image_00044.png,0.110739
fake_image_00045.png,0.099194
fake_image_00046.png,0.142716
fake_image_00047.png,0.027604
fake_image_00048.png,0.077236
fake_image_00049.png,0.390347
fake_image_00050.png,0.037289
fake_image_00051.png,1.098853
fake_image_00052.png,0.049592
fake_image_00053.png,0.031960
fake_image_00054.png,0.111101
fake_image_00055.png,0.259195
fake_image_00056.png,0.029510
fake_image_00057.png,1.799258
fake_image_00058.png,0.032691
fake_image_00059.png,0.166406
fake_image_00060.png,0.137953
fake_image_00061.png,0.068816
fake_image_00062.png,0.046079
fake_image_00063.png,0.051084
fake_image_00064.png,0.198639
fake_image_00065.png,0.035618
fake_image_00066.png,0.026913
fake_image_00067.png,0.029413
fake_image_00068.png,0.027624
fake_image_00069.png,0.170655
fake_image_00070.png,0.022481
fake_image_00071.png,0.019434
fake_image_00072.png,0.045841
fake_image_00073.png,0.022019
fake_image_00074.png,0.079681
fake_image_00075.png,0.037007
fake_image_00076.png,1.801685
fake_image_00077.png,0.130233
fake_image_00078.png,0.174377
fake_image_00079.png,0.009774
fake_image_00080.png,0.020620
fake_image_00081.png,0.075504
fake_image_00082.png,0.181579
fake_image_00083.png,0.138560
fake_image_00084.png,0.022755
fake_image_00085.png,0.125244
fake_image_00086.png,0.033846
fake_image_00087.png,1.801460
fake_image_00088.png,0.049109
fake_image_00089.png,0.079438
fake_image_00090.png,0.033057
fake_image_00091.png,0.051133
fake_image_00092.png,0.065169
fake_image_00093.png,0.034459
fake_image_00094.png,0.047998
fake_image_00095.png,0.049627
fake_image_00096.png,0.017835
fake_image_00097.png,0.023559
fake_image_00098.png,0.043403
fake_image_00099.png,0.118155
fake_image_00100.png,0.037677
fake_image_00101.png,0.041199
fake_image_00102.png,0.030328
fake_image_00103.png,0.026612
fake_image_00104.png,0.012720
fake_image_00105.png,0.475921
fake_image_00106.png,0.700229
fake_image_00107.png,0.140874
fake_image_00108.png,0.094696
fake_image_00109.png,0.078529
fake_image_00110.png,0.043716
fake_image_00111.png,0.104034
fake_image_00112.png,0.190159
fake_image_00113.png,0.074829
fake_image_00114.png,1.806989
fake_image_00115.png,0.423290
fake_image_00116.png,0.241637
fake_image_00117.png,0.021633
fake_image_00118.png,0.027607
fake_image_00119.png,0.043008
fake_image_00120.png,0.114327
fake_image_00121.png,0.072031
fake_image_00122.png,1.807480
fake_image_00123.png,0.052864
fake_image_00124.png,0.082698
fake_image_00125.png,0.091620
fake_image_00126.png,0.147034
fake_image_00127.png,0.055366
fake_image_00128.png,0.046904
fake_image_00129.png,0.071949
fake_image_00130.png,0.034971
fake_image_00131.png,0.057157
fake_image_00132.png,0.378469
fake_image_00133.png,0.199971
fake_image_00134.png,0.075497
fake_image_00135.png,1.794123
fake_image_00136.png,0.221375
fake_image_00137.png,0.023483
fake_image_00138.png,0.027798
fake_image_00139.png,0.049123
fake_image_00140.png,0.054964
fake_image_00141.png,0.028646
fake_image_00142.png,0.030385
fake_image_00143.png,0.059525
fake_image_00144.png,0.020896
fake_image_00145.png,0.031492
fake_image_00146.png,1.802031
fake_image_00147.png,0.034893
fake_image_00148.png,0.019180
fake_image_00149.png,0.022398
fake_image_00150.png,0.030342
fake_image_00151.png,0.023257
fake_image_00152.png,0.022486
fake_image_00153.png,0.019811
fake_image_00154.png,0.098113
fake_image_00155.png,0.189445
fake_image_00156.png,1.805679
fake_image_00157.png,0.009855
fake_image_00158.png,0.032443
fake_image_00159.png,0.007793
fake_image_00160.png,0.021293
fake_image_00161.png,0.519800
fake_image_00162.png,0.025030
fake_image_00163.png,0.122905
fake_image_00164.png,0.009032
fake_image_00165.png,0.158076
fake_image_00166.png,0.041221
fake_image_00167.png,0.013033
fake_image_00168.png,0.092213
fake_image_00169.png,0.100148
fake_image_00170.png,0.037814
fake_image_00171.png,0.031437
fake_image_00172.png,1.814523
fake_image_00173.png,0.092859
fake_image_00174.png,0.065398
fake_image_00175.png,0.044940
fake_image_00176.png,0.074670
fake_image_00177.png,0.032429
fake_image_00178.png,0.034392
fake_image_00179.png,0.037713
fake_image_00180.png,0.150608
fake_image_00181.png,0.105270
fake_image_00182.png,0.108128
fake_image_00183.png,0.062260
fake_image_00184.png,0.065707
fake_image_00185.png,0.034189
fake_image_00186.png,0.271944
fake_image_00187.png,0.101106
fake_image_00188.png,0.168689
fake_image_00189.png,0.031020
fake_image_00190.png,0.037444
fake_image_00191.png,0.114016
fake_image_00192.png,0.030689
fake_image_00193.png,0.034534
fake_image_00194.png,0.049849
fake_image_00195.png,0.039285
fake_image_00196.png,0.023230
fake_image_00197.png,0.224734
fake_image_00198.png,0.044094
fake_image_00199.png,0.252480
fake_image_00200.png,1.809636
fake_image_00201.png,0.068693
fake_image_00202.png,0.206750
fake_image_00203.png,0.028769
fake_image_00204.png,0.235052
fake_image_00205.png,1.813413
fake_image_00206.png,0.144999
fake_image_00207.png,0.224704
fake_image_00208.png,0.473861
fake_image_00209.png,1.818283
fake_image_00210.png,0.050307
fake_image_00211.png,0.043298
fake_image_00212.png,0.023861
fake_image_00213.png,0.056640
fake_image_00214.png,0.500583
fake_image_00215.png,0.025272
fake_image_00216.png,0.032824
fake_image_00217.png,0.013012
fake_image_00218.png,0.026130
fake_image_00219.png,0.058379
fake_image_00220.png,0.023420
fake_image_00221.png,0.022927
fake_image_00222.png,0.058306
fake_image_00223.png,0.032275
fake_image_00224.png,0.202081
fake_image_00225.png,1.803904
fake_image_00226.png,0.109837
fake_image_00227.png,0.023666
fake_image_00228.png,0.026813
fake_image_00229.png,0.009935
fake_image_00230.png,0.021432
fake_image_00231.png,0.067893
fake_image_00232.png,0.125335
fake_image_00233.png,0.053203
fake_image_00234.png,0.031166
fake_image_00235.png,0.024695
fake_image_00236.png,0.192140
fake_image_00237.png,0.022932
fake_image_00238.png,0.049087
fake_image_00239.png,1.814377
fake_image_00240.png,0.040140
fake_image_00241.png,0.063384
fake_image_00242.png,0.025384
fake_image_00243.png,0.309438
fake_image_00244.png,0.076538
fake_image_00245.png,0.112270
fake_image_00246.png,1.815516
fake_image_00247.png,0.044875
fake_image_00248.png,0.092190
fake_image_00249.png,0.040400
fake_image_00250.png,0.035209
fake_image_00251.png,0.110843
fake_image_00252.png,0.034434
fake_image_00253.png,0.033694
fake_image_00254.png,0.030042
fake_image_00255.png,0.052499
fake_image_00256.png,0.032347
fake_image_00257.png,1.792626
fake_image_00258.png,0.036534
fake_image_00259.png,0.023242
fake_image_00260.png,0.021436
fake_image_00261.png,0.029242
fake_image_00262.png,1.787566
fake_image_00263.png,0.099010
fake_image_00264.png,0.042534
fake_image_00265.png,0.101343
fake_image_00266.png,0.230723
fake_image_00267.png,0.056977
fake_image_00268.png,1.800907
fake_image_00269.png,1.147746
fake_image_00270.png,0.456127
fake_image_00271.png,0.035787
fake_image_00272.png,0.087021
fake_image_00273.png,0.034909
fake_image_00274.png,0.061888
fake_image_00275.png,0.056670
fake_image_00276.png,0.095007
fake_image_00277.png,0.033783
fake_image_00278.png,0.025443
fake_image_00279.png,0.457116
fake_image_00280.png,0.076616
fake_image_00281.png,0.041016
fake_image_00282.png,0.029146
fake_image_00283.png,0.038246
fake_image_00284.png,0.633843
fake_image_00285.png,0.069291
fake_image_00286.png,0.842864
fake_image_00287.png,0.708524
fake_image_00288.png,1.801602
fake_image_00289.png,0.041751
fake_image_00290.png,0.045731
fake_image_00291.png,0.054501
fake_image_00292.png,0.132863
fake_image_00293.png,0.258109
fake_image_00294.png,0.049964
fake_image_00295.png,0.022629
fake_image_00296.png,0.023043
fake_image_00297.png,0.208853
fake_image_00298.png,0.227233
fake_image_00299.png,0.032404
fake_image_00300.png,0.380953
fake_image_00301.png,0.124801
fake_image_00302.png,0.044241
fake_image_00303.png,0.178688
fake_image_00304.png,0.045560
fake_image_00305.png,0.053356
fake_image_00306.png,0.034262
fake_image_00307.png,0.022223
fake_image_00308.png,0.354583
fake_image_00309.png,0.051673
fake_image_00310.png,0.087575
fake_image_00311.png,0.022042
fake_image_00312.png,0.058066
fake_image_00313.png,0.291409
fake_image_00314.png,0.037239
fake_image_00315.png,0.027605
fake_image_00316.png,0.081146
fake_image_00317.png,0.015484
fake_image_00318.png,0.211333
fake_image_00319.png,0.182086
fake_image_00320.png,0.021497
fake_image_00321.png,0.046486
fake_image_00322.png,0.030572
fake_image_00323.png,0.025583
fake_image_00324.png,0.103852
fake_image_00325.png,0.025836
fake_image_00326.png,0.160823
fake_image_00327.png,0.101333
fake_image_00328.png,1.794020
fake_image_00329.png,0.018388
fake_image_00330.png,0.219395
fake_image_00331.png,0.706021
fake_image_00332.png,1.799478
fake_image_00333.png,0.022513
fake_image_00334.png,1.820362
fake_image_00335.png,0.021970
fake_image_00336.png,0.045361
fake_image_00337.png,0.025790
fake_image_00338.png,0.022284
fake_image_00339.png,0.027532
fake_image_00340.png,0.030076
fake_image_00341.png,0.021823
fake_image_00342.png,0.059074
fake_image_00343.png,0.038118
fake_image_00344.png,0.029458
fake_image_00345.png,0.029607
fake_image_00346.png,0.063043
fake_image_00347.png,0.101214
fake_image_00348.png,0.033194
fake_image_00349.png,0.024250
fake_image_00350.png,0.029535
fake_image_00351.png,0.047182
fake_image_00352.png,0.026731
fake_image_00353.png,0.212635
fake_image_00354.png,0.015621
fake_image_00355.png,0.052048
fake_image_00356.png,0.035243
fake_image_00357.png,0.034622
fake_image_00358.png,1.493367
fake_image_00359.png,0.113826
fake_image_00360.png,0.398447
fake_image_00361.png,0.027886
fake_image_00362.png,0.038433
fake_image_00363.png,0.016931
fake_image_00364.png,0.172239
fake_image_00365.png,1.809374
fake_image_00366.png,0.029057
fake_image_00367.png,0.027309
fake_image_00368.png,0.037519
fake_image_00369.png,0.167113
fake_image_00370.png,0.022082
fake_image_00371.png,0.027280
fake_image_00372.png,0.032528
fake_image_00373.png,0.114276
fake_image_00374.png,0.057745
fake_image_00375.png,0.107675
fake_image_00376.png,0.020131
fake_image_00377.png,0.048534
fake_image_00378.png,0.025539
fake_image_00379.png,0.030565
fake_image_00380.png,0.036139
fake_image_00381.png,0.023732
fake_image_00382.png,0.036691
fake_image_00383.png,0.022177
fake_image_00384.png,0.051164
fake_image_00385.png,0.119339
fake_image_00386.png,0.036726
fake_image_00387.png,1.817834
fake_image_00388.png,0.033640
fake_image_00389.png,1.803820
fake_image_00390.png,0.844744
fake_image_00391.png,0.007989
fake_image_00392.png,0.031321
fake_image_00393.png,0.089096
fake_image_00394.png,0.309755
fake_image_00395.png,0.096296
fake_image_00396.png,0.085833
fake_image_00397.png,0.195845
fake_image_00398.png,1.804343
fake_image_00399.png,0.024354
fake_image_00400.png,0.035438
fake_image_00401.png,0.047647
fake_image_00402.png,0.911798
fake_image_00403.png,0.071829
fake_image_00404.png,0.088999
fake_image_00405.png,0.045638
fake_image_00406.png,1.795386
fake_image_00407.png,0.027603
fake_image_00408.png,0.032619
fake_image_00409.png,1.805949
fake_image_00410.png,0.044345
fake_image_00411.png,0.026607
fake_image_00412.png,0.061742
fake_image_00413.png,0.043790
fake_image_00414.png,0.022192
fake_image_00415.png,0.341906
fake_image_00416.png,1.802552
fake_image_00417.png,0.028034
fake_image_00418.png,0.527130
fake_image_00419.png,0.037917
fake_image_00420.png,0.095931
fake_image_00421.png,0.075463
fake_image_00422.png,0.028473
fake_image_00423.png,0.679143
fake_image_00424.png,0.099007
fake_image_00425.png,0.190568
fake_image_00426.png,0.134334
fake_image_00427.png,1.117997
fake_image_00428.png,0.021879
fake_image_00429.png,0.029028
fake_image_00430.png,0.053207
fake_image_00431.png,0.115713
fake_image_00432.png,0.020351
fake_image_00433.png,0.021118
fake_image_00434.png,0.025854
fake_image_00435.png,0.026099
fake_image_00436.png,0.030581
fake_image_00437.png,0.028024
fake_image_00438.png,0.049779
fake_image_00439.png,0.022149
fake_image_00440.png,0.036583
fake_image_00441.png,0.019942
fake_image_00442.png,0.082168
fake_image_00443.png,0.048178
fake_image_00444.png,0.181296
fake_image_00445.png,0.066437
fake_image_00446.png,0.068074
fake_image_00447.png,0.038315
fake_image_00448.png,0.026783
fake_image_00449.png,0.090270
fake_image_00450.png,0.040083
fake_image_00451.png,0.038512
fake_image_00452.png,0.023905
fake_image_00453.png,0.040703
fake_image_00454.png,0.023687
fake_image_00455.png,0.024718
fake_image_00456.png,0.316650
fake_image_00457.png,0.103579
fake_image_00458.png,0.051465
fake_image_00459.png,0.184176
fake_image_00460.png,0.026884
fake_image_00461.png,0.066989
fake_image_00462.png,0.303758
fake_image_00463.png,0.147603
fake_image_00464.png,0.077697
fake_image_00465.png,0.036769
fake_image_00466.png,0.045965
fake_image_00467.png,0.011358
fake_image_00468.png,0.023634
fake_image_00469.png,0.019748
fake_image_00470.png,0.042175
fake_image_00471.png,0.166181
fake_image_00472.png,0.023529
fake_image_00473.png,1.804724
fake_image_00474.png,0.026596
fake_image_00475.png,0.040165
fake_image_00476.png,0.028661
fake_image_00477.png,0.408864
fake_image_00478.png,0.136659
fake_image_00479.png,0.027602
fake_image_00480.png,0.043693
fake_image_00481.png,1.812701
fake_image_00482.png,0.053669
fake_image_00483.png,0.032993
fake_image_00484.png,0.034183
fake_image_00485.png,0.094122
fake_image_00486.png,0.026191
fake_image_00487.png,0.057513
fake_image_00488.png,0.016143
fake_image_00489.png,1.807614
fake_image_00490.png,0.195835
fake_image_00491.png,0.025999
fake_image_00492.png,1.813750
fake_image_00493.png,0.015161
fake_image_00494.png,0.197485
fake_image_00495.png,1.812234
fake_image_00496.png,0.156093
fake_image_00497.png,0.021081
fake_image_00498.png,0.119332
fake_image_00499.png,0.036077
fake_image_00500.png,0.026784
fake_image_00501.png,0.049254
fake_image_00502.png,0.031119
fake_image_00503.png,1.806527
fake_image_00504.png,0.162846
fake_image_00505.png,0.060813
fake_image_00506.png,0.146523
fake_image_00507.png,1.804582
fake_image_00508.png,0.156226
fake_image_00509.png,0.038960
fake_image_00510.png,0.052643
fake_image_00511.png,0.550830
fake_image_00512.png,0.078750
fake_image_00513.png,0.041543
fake_image_00514.png,0.037120
fake_image_00515.png,0.091448
fake_image_00516.png,0.120605
fake_image_00517.png,0.063050
fake_image_00518.png,0.077479
fake_image_00519.png,0.066274
fake_image_00520.png,0.034118
fake_image_00521.png,0.758857
fake_image_00522.png,0.030888
fake_image_00523.png,0.025151
fake_image_00524.png,0.088062
fake_image_00525.png,0.518818
fake_image_00526.png,0.210995
fake_image_00527.png,0.064114
fake_image_00528.png,0.084159
fake_image_00529.png,0.083080
fake_image_00530.png,0.037849
fake_image_00531.png,0.017038
fake_image_00532.png,0.072524
fake_image_00533.png,1.795596
fake_image_00534.png,0.037415
fake_image_00535.png,0.743477
fake_image_00536.png,0.070824
fake_image_00537.png,0.047569
fake_image_00538.png,0.017764
fake_image_00539.png,0.147165
fake_image_00540.png,1.809732
fake_image_00541.png,0.052666
fake_image_00542.png,0.016777
fake_image_00543.png,0.033769
fake_image_00544.png,0.331325
fake_image_00545.png,0.088789
fake_image_00546.png,0.065678
fake_image_00547.png,0.019921
fake_image_00548.png,0.025010
fake_image_00549.png,0.041446
fake_image_00550.png,1.802831
fake_image_00551.png,0.034409
fake_image_00552.png,0.023492
fake_image_00553.png,0.110110
fake_image_00554.png,0.077862
fake_image_00555.png,0.122606
fake_image_00556.png,0.032512
fake_image_00557.png,0.042495
fake_image_00558.png,0.181830
fake_image_00559.png,0.248626
fake_image_00560.png,0.188511
fake_image_00561.png,0.250344
fake_image_00562.png,0.027722
fake_image_00563.png,0.166280
fake_image_00564.png,0.107558
fake_image_00565.png,0.142191
fake_image_00566.png,0.106535
fake_image_00567.png,0.025982
fake_image_00568.png,0.487956
fake_image_00569.png,0.027080
fake_image_00570.png,0.030219
fake_image_00571.png,0.163104
fake_image_00572.png,0.018914
fake_image_00573.png,0.136928
fake_image_00574.png,0.027157
fake_image_00575.png,0.040288
fake_image_00576.png,0.161401
fake_image_00577.png,0.075164
fake_image_00578.png,0.029155
fake_image_00579.png,1.801503
fake_image_00580.png,0.072111
fake_image_00581.png,1.805179
fake_image_00582.png,0.087035
fake_image_00583.png,0.029918
fake_image_00584.png,1.378452
fake_image_00585.png,0.039418
fake_image_00586.png,0.040198
fake_image_00587.png,0.049790
fake_image_00588.png,0.029308
fake_image_00589.png,0.075967
fake_image_00590.png,0.065475
fake_image_00591.png,0.023494
fake_image_00592.png,1.804498
fake_image_00593.png,0.251378
fake_image_00594.png,0.032540
fake_image_00595.png,0.033332
fake_image_00596.png,0.038287
fake_image_00597.png,0.023228
fake_image_00598.png,0.136279
fake_image_00599.png,0.024575
fake_image_00600.png,0.034392
fake_image_00601.png,1.800870
fake_image_00602.png,0.033884
fake_image_00603.png,0.031149
fake_image_00604.png,0.032682
fake_image_00605.png,0.038506
fake_image_00606.png,0.109160
fake_image_00607.png,0.035889
fake_image_00608.png,0.024814
fake_image_00609.png,0.028763
fake_image_00610.png,0.103977
fake_image_00611.png,1.807650
fake_image_00612.png,0.029543
fake_image_00613.png,0.013349
fake_image_00614.png,0.044834
fake_image_00615.png,0.021630
fake_image_00616.png,0.091162
fake_image_00617.png,1.801093
fake_image_00618.png,0.100905
fake_image_00619.png,0.040363
fake_image_00620.png,0.048802
fake_image_00621.png,0.041715
fake_image_00622.png,0.029435
fake_image_00623.png,0.045601
fake_image_00624.png,0.034162
fake_image_00625.png,0.045915
fake_image_00626.png,0.584396
fake_image_00627.png,0.287030
fake_image_00628.png,0.033207
fake_image_00629.png,0.033078
fake_image_00630.png,0.051021
fake_image_00631.png,0.064667
fake_image_00632.png,0.055034
fake_image_00633.png,0.045493
fake_image_00634.png,0.063233
fake_image_00635.png,1.812739
fake_image_00636.png,0.058564
fake_image_00637.png,0.028985
fake_image_00638.png,0.048516
fake_image_00639.png,0.092681
fake_image_00640.png,0.021212
fake_image_00641.png,0.723301
fake_image_00642.png,0.073383
fake_image_00643.png,0.399532
fake_image_00644.png,0.075762
fake_image_00645.png,0.025550
fake_image_00646.png,0.071438
fake_image_00647.png,0.055464
fake_image_00648.png,0.427081
fake_image_00649.png,0.020905
fake_image_00650.png,0.401089
fake_image_00651.png,0.021530
fake_image_00652.png,0.057085
fake_image_00653.png,1.795245
fake_image_00654.png,0.036257
fake_image_00655.png,0.058591
fake_image_00656.png,0.119761
fake_image_00657.png,0.022256
fake_image_00658.png,0.688685
fake_image_00659.png,0.031762
fake_image_00660.png,0.060858
fake_image_00661.png,0.046253
fake_image_00662.png,0.055771
fake_image_00663.png,1.826572
fake_image_00664.png,0.043963
fake_image_00665.png,0.049764
fake_image_00666.png,0.023116
fake_image_00667.png,0.024666
fake_image_00668.png,0.305481
fake_image_00669.png,0.028388
fake_image_00670.png,0.026212
fake_image_00671.png,0.130603
fake_image_00672.png,0.034027
fake_image_00673.png,0.102744
fake_image_00674.png,0.084548
fake_image_00675.png,0.090293
fake_image_00676.png,0.038361
fake_image_00677.png,0.184861
fake_image_00678.png,0.236460
fake_image_00679.png,0.046128
fake_image_00680.png,0.068351
fake_image_00681.png,0.031183
fake_image_00682.png,0.235528
fake_image_00683.png,0.034931
fake_image_00684.png,0.067625
fake_image_00685.png,0.029952
fake_image_00686.png,0.476325
fake_image_00687.png,0.023259
fake_image_00688.png,0.023476
fake_image_00689.png,0.076425
fake_image_00690.png,0.047507
fake_image_00691.png,0.054497
fake_image_00692.png,0.012507
fake_image_00693.png,0.139106
fake_image_00694.png,0.054978
fake_image_00695.png,0.077183
fake_image_00696.png,0.022098
fake_image_00697.png,1.802560
fake_image_00698.png,0.064358
fake_image_00699.png,0.038615
fake_image_00700.png,0.024693
fake_image_00701.png,0.063703
fake_image_00702.png,0.038727
fake_image_00703.png,0.027459
fake_image_00704.png,0.065412
fake_image_00705.png,0.065294
fake_image_00706.png,0.048341
fake_image_00707.png,0.027418
fake_image_00708.png,0.070554
fake_image_00709.png,1.161469
fake_image_00710.png,0.280722
fake_image_00711.png,0.057145
fake_image_00712.png,1.795500
fake_image_00713.png,0.114810
fake_image_00714.png,0.033056
fake_image_00715.png,0.024643
fake_image_00716.png,0.156898
fake_image_00717.png,0.084346
fake_image_00718.png,0.158710
fake_image_00719.png,0.027833
fake_image_00720.png,0.074079
fake_image_00721.png,0.031613
fake_image_00722.png,0.038880
fake_image_00723.png,0.021822
fake_image_00724.png,0.033393
fake_image_00725.png,0.020151
fake_image_00726.png,0.029610
fake_image_00727.png,0.056949
fake_image_00728.png,0.043195
fake_image_00729.png,0.097658
fake_image_00730.png,0.021644
fake_image_00731.png,0.160210
fake_image_00732.png,0.037166
fake_image_00733.png,0.049389
fake_image_00734.png,0.022059
fake_image_00735.png,0.184595
fake_image_00736.png,0.370336
fake_image_00737.png,0.049714
fake_image_00738.png,0.039320
fake_image_00739.png,0.180398
fake_image_00740.png,0.275430
fake_image_00741.png,0.814079
fake_image_00742.png,0.061324
fake_image_00743.png,1.777493
fake_image_00744.png,0.060092
fake_image_00745.png,1.799743
fake_image_00746.png,0.026909
fake_image_00747.png,0.040456
fake_image_00748.png,0.028575
fake_image_00749.png,0.027198
fake_image_00750.png,0.056221
fake_image_00751.png,0.012453
fake_image_00752.png,0.026301
fake_image_00753.png,0.038040
fake_image_00754.png,1.798115
fake_image_00755.png,0.047652
fake_image_00756.png,0.075153
fake_image_00757.png,0.022859
fake_image_00758.png,0.078192
fake_image_00759.png,0.023844
fake_image_00760.png,0.027579
fake_image_00761.png,0.022820
fake_image_00762.png,0.082813
fake_image_00763.png,0.037740
fake_image_00764.png,0.031980
fake_image_00765.png,0.135059
fake_image_00766.png,0.129620
fake_image_00767.png,0.033669
fake_image_00768.png,0.064013
fake_image_00769.png,0.038267
fake_image_00770.png,0.056356
fake_image_00771.png,0.021877
fake_image_00772.png,0.161233
fake_image_00773.png,0.012365
fake_image_00774.png,0.051983
fake_image_00775.png,0.033101
fake_image_00776.png,1.243500
fake_image_00777.png,0.395133
fake_image_00778.png,0.031321
fake_image_00779.png,0.022732
fake_image_00780.png,0.069351
fake_image_00781.png,0.060299
fake_image_00782.png,1.800859
fake_image_00783.png,0.044127
fake_image_00784.png,0.038361
fake_image_00785.png,0.025715
fake_image_00786.png,0.329884
fake_image_00787.png,0.028194
fake_image_00788.png,0.023574
fake_image_00789.png,0.210953
fake_image_00790.png,0.010274
fake_image_00791.png,0.144447
fake_image_00792.png,0.023628
fake_image_00793.png,0.022323
fake_image_00794.png,0.771050
fake_image_00795.png,0.084393
fake_image_00796.png,0.103317
fake_image_00797.png,0.021708
fake_image_00798.png,0.634506
fake_image_00799.png,0.069453
fake_image_00800.png,0.038730
fake_image_00801.png,0.049491
fake_image_00802.png,0.222224
fake_image_00803.png,0.042935
fake_image_00804.png,0.030756
fake_image_00805.png,0.038108
fake_image_00806.png,1.816440
fake_image_00807.png,1.790370
fake_image_00808.png,0.102200
fake_image_00809.png,0.650082
fake_image_00810.png,0.056672
fake_image_00811.png,0.052395
fake_image_00812.png,0.122563
fake_image_00813.png,0.484730
fake_image_00814.png,0.051306
fake_image_00815.png,0.102100
fake_image_00816.png,0.053451
fake_image_00817.png,0.020906
fake_image_00818.png,0.024835
fake_image_00819.png,0.027820
fake_image_00820.png,0.031687
fake_image_00821.png,0.010613
fake_image_00822.png,0.066615
fake_image_00823.png,0.025010
fake_image_00824.png,1.803117
fake_image_00825.png,0.426831
fake_image_00826.png,0.026395
fake_image_00827.png,0.036472
fake_image_00828.png,0.022663
fake_image_00829.png,0.136461
fake_image_00830.png,0.039387
fake_image_00831.png,0.042387
fake_image_00832.png,1.805061
fake_image_00833.png,0.030537
fake_image_00834.png,0.153784
fake_image_00835.png,0.011892
fake_image_00836.png,0.060937
fake_image_00837.png,0.022626
fake_image_00838.png,0.026527
fake_image_00839.png,0.011669
fake_image_00840.png,1.814655
fake_image_00841.png,0.052225
fake_image_00842.png,0.071386
fake_image_00843.png,1.805639
fake_image_00844.png,0.100686
fake_image_00845.png,0.024907
fake_image_00846.png,0.025080
fake_image_00847.png,0.156275
fake_image_00848.png,0.036118
fake_image_00849.png,0.017529
fake_image_00850.png,0.072200
fake_image_00851.png,0.038056
fake_image_00852.png,0.044578
fake_image_00853.png,0.032296
fake_image_00854.png,0.089880
fake_image_00855.png,0.095853
fake_image_00856.png,0.273845
fake_image_00857.png,0.036691
fake_image_00858.png,0.056902
fake_image_00859.png,0.029516
fake_image_00860.png,0.048281
fake_image_00861.png,0.042243
fake_image_00862.png,0.158154
fake_image_00863.png,0.012264
fake_image_00864.png,0.207203
fake_image_00865.png,0.016086
fake_image_00866.png,0.061617
fake_image_00867.png,0.031027
fake_image_00868.png,0.052063
fake_image_00869.png,0.117718
fake_image_00870.png,0.023363
fake_image_00871.png,0.019987
fake_image_00872.png,0.129604
fake_image_00873.png,0.124608
fake_image_00874.png,0.024317
fake_image_00875.png,0.289882
fake_image_00876.png,0.116539
fake_image_00877.png,0.054068
fake_image_00878.png,1.815058
fake_image_00879.png,0.024019
fake_image_00880.png,0.051899
fake_image_00881.png,0.010549
fake_image_00882.png,0.055912
fake_image_00883.png,0.158394
fake_image_00884.png,0.168870
fake_image_00885.png,0.029603
fake_image_00886.png,0.215645
fake_image_00887.png,0.047533
fake_image_00888.png,1.804218
fake_image_00889.png,0.022477
fake_image_00890.png,0.068281
fake_image_00891.png,0.024045
fake_image_00892.png,0.050484
fake_image_00893.png,0.246866
fake_image_00894.png,0.042121
fake_image_00895.png,0.367738
fake_image_00896.png,0.071112
fake_image_00897.png,0.054877
fake_image_00898.png,0.191016
fake_image_00899.png,0.029392
fake_image_00900.png,0.131319
fake_image_00901.png,0.023967
fake_image_00902.png,0.698455
fake_image_00903.png,0.018774
fake_image_00904.png,0.050747
fake_image_00905.png,0.426279
fake_image_00906.png,0.293092
fake_image_00907.png,0.021433
fake_image_00908.png,0.022801
fake_image_00909.png,0.075924
fake_image_00910.png,0.058213
fake_image_00911.png,0.125007
fake_image_00912.png,0.079956
fake_image_00913.png,0.026388
fake_image_00914.png,0.025727
fake_image_00915.png,0.022204
fake_image_00916.png,0.035438
fake_image_00917.png,0.029708
fake_image_00918.png,0.025086
fake_image_00919.png,0.135460
fake_image_00920.png,0.038816
fake_image_00921.png,0.031292
fake_image_00922.png,0.205304
fake_image_00923.png,0.046607
fake_image_00924.png,0.024636
fake_image_00925.png,0.028460
fake_image_00926.png,0.838970
fake_image_00927.png,0.024513
fake_image_00928.png,0.022861
fake_image_00929.png,0.101562
fake_image_00930.png,0.023079
fake_image_00931.png,0.197464
fake_image_00932.png,0.099896
fake_image_00933.png,0.203326
fake_image_00934.png,0.023431
fake_image_00935.png,0.093978
fake_image_00936.png,0.028233
fake_image_00937.png,0.019780
fake_image_00938.png,0.055375
fake_image_00939.png,0.026131
fake_image_00940.png,0.077696
fake_image_00941.png,1.792180
fake_image_00942.png,1.799155
fake_image_00943.png,0.039465
fake_image_00944.png,0.099521
fake_image_00945.png,0.038408
fake_image_00946.png,0.024647
fake_image_00947.png,0.296695
fake_image_00948.png,0.023407
fake_image_00949.png,0.325092
fake_image_00950.png,0.046576
fake_image_00951.png,0.203968
fake_image_00952.png,0.169170
fake_image_00953.png,0.195098
fake_image_00954.png,0.130065
fake_image_00955.png,0.026480
fake_image_00956.png,0.063010
fake_image_00957.png,0.024354
fake_image_00958.png,0.099745
fake_image_00959.png,0.067542
fake_image_00960.png,0.207788
fake_image_00961.png,1.819751
fake_image_00962.png,0.120206
fake_image_00963.png,0.123840
fake_image_00964.png,0.224654
fake_image_00965.png,0.040325
fake_image_00966.png,0.098594
fake_image_00967.png,0.110589
fake_image_00968.png,0.026892
fake_image_00969.png,0.107934
fake_image_00970.png,1.811679
fake_image_00971.png,0.037337
fake_image_00972.png,0.049576
fake_image_00973.png,0.020637
fake_image_00974.png,0.024687
fake_image_00975.png,0.279652
fake_image_00976.png,0.030568
fake_image_00977.png,0.056839
fake_image_00978.png,1.801898
fake_image_00979.png,0.020888
fake_image_00980.png,0.098757
fake_image_00981.png,0.026445
fake_image_00982.png,0.031594
fake_image_00983.png,0.043175
fake_image_00984.png,0.066336
fake_image_00985.png,0.024090
fake_image_00986.png,0.024109
fake_image_00987.png,0.069456
fake_image_00988.png,0.019575
fake_image_00989.png,0.018734
fake_image_00990.png,0.106845
fake_image_00991.png,1.795029
fake_image_00992.png,0.099229
fake_image_00993.png,0.221429
fake_image_00994.png,1.798934
fake_image_00995.png,0.043615
fake_image_00996.png,0.011301
fake_image_00997.png,0.021454
fake_image_00998.png,0.024551
fake_image_00999.png,0.673677
fake_image_01000.png,0.049083
fake_image_01001.png,0.030839
fake_image_01002.png,0.059847
fake_image_01003.png,0.017767
fake_image_01004.png,0.074616
fake_image_01005.png,0.036503
fake_image_01006.png,0.030095
fake_image_01007.png,0.571824
fake_image_01008.png,1.797171
fake_image_01009.png,0.131276
fake_image_01010.png,0.072823
fake_image_01011.png,0.873674
fake_image_01012.png,0.024891
fake_image_01013.png,0.030146
fake_image_01014.png,0.066795
fake_image_01015.png,0.028997
fake_image_01016.png,0.025046
fake_image_01017.png,0.155136
fake_image_01018.png,0.030227
fake_image_01019.png,0.032005
fake_image_01020.png,0.075013
fake_image_01021.png,0.087829
fake_image_01022.png,0.069977
fake_image_01023.png,0.017758
